{"cameraMode":{"drawMode":0,"name":"Shaded","section":"Shading Mode"},"sceneLighting":false,"audioPlay":false,"sceneViewState":{"showFog":true,"showMaterialUpdate":false,"showSkybox":false,"showFlares":true,"showImageEffects":true,"showParticleSystems":true},"in2DMode":false,"pivot":{"x":7.957900047302246,"y":1.468999981880188,"z":3.0066585540771486},"rotation":{"x":-0.1287374049425125,"y":0.4587254822254181,"z":-0.06736347079277039,"w":-0.8766387104988098},"size":2.0152103900909426,"orthographic":false}