{"cameraMode":{"drawMode":0,"name":"Shaded","section":"Shading Mode"},"sceneLighting":true,"audioPlay":false,"sceneViewState":{"showFog":true,"showMaterialUpdate":false,"showSkybox":true,"showFlares":true,"showImageEffects":true,"showParticleSystems":true},"in2DMode":false,"pivot":{"x":7.5,"y":7.6100006103515629,"z":16.200000762939454},"rotation":{"x":0.28083768486976626,"y":0.4205072224140167,"z":-0.13827072083950044,"w":0.8518379330635071},"size":1.2247450351715088,"orthographic":false}