{"cameraMode":{"drawMode":0,"name":"Shaded","section":"Shading Mode"},"sceneLighting":false,"audioPlay":false,"sceneViewState":{"showFog":false,"showMaterialUpdate":false,"showSkybox":false,"showFlares":false,"showImageEffects":false,"showParticleSystems":false},"in2DMode":false,"pivot":{"x":-20.54800033569336,"y":-3.305999994277954,"z":-4.849999904632568},"rotation":{"x":-0.15582019090652467,"y":0.787547767162323,"z":-0.22224082052707673,"w":-0.5536580681800842},"size":1.3443760871887208,"orthographic":false}