{"cameraMode":{"drawMode":0,"name":"Shaded","section":"Shading Mode"},"sceneLighting":true,"audioPlay":false,"sceneViewState":{"showFog":true,"showMaterialUpdate":false,"showSkybox":true,"showFlares":true,"showImageEffects":true,"showParticleSystems":true},"in2DMode":false,"pivot":{"x":-18.288116455078126,"y":1.3299999237060547,"z":21.674325942993165},"rotation":{"x":-0.3285799026489258,"y":0.3972775936126709,"z":-0.15630367398262025,"w":-0.842782199382782},"size":1.428661584854126,"orthographic":false}