{"cameraMode":{"drawMode":0,"name":"Shaded","section":"Shading Mode"},"sceneLighting":true,"audioPlay":false,"sceneViewState":{"showFog":true,"showMaterialUpdate":false,"showSkybox":true,"showFlares":true,"showImageEffects":true,"showParticleSystems":true},"in2DMode":false,"pivot":{"x":3.3642313480377199,"y":0.5048370361328125,"z":3.559163808822632},"rotation":{"x":0.4343811869621277,"y":0.06035888195037842,"z":-0.028892191126942636,"w":0.8984864950180054},"size":21.005638122558595,"orthographic":false}