{"cameraMode":{"drawMode":0,"name":"Shaded","section":"Shading Mode"},"sceneLighting":true,"audioPlay":false,"sceneViewState":{"showFog":true,"showMaterialUpdate":false,"showSkybox":true,"showFlares":true,"showImageEffects":true,"showParticleSystems":true},"in2DMode":false,"pivot":{"x":13.235000610351563,"y":6.499000549316406,"z":4.5500006675720219},"rotation":{"x":0.4343811869621277,"y":0.06035888195037842,"z":-0.028892191126942636,"w":0.8984864950180054},"size":17.13978385925293,"orthographic":false}