{"cameraMode":{"drawMode":0,"name":"Shaded","section":"Shading Mode"},"sceneLighting":true,"audioPlay":false,"sceneViewState":{"showFog":true,"showMaterialUpdate":false,"showSkybox":true,"showFlares":true,"showImageEffects":true,"showParticleSystems":true},"in2DMode":false,"pivot":{"x":4.480000019073486,"y":7.6100006103515629,"z":9.729999542236329},"rotation":{"x":-0.15324893593788148,"y":0.8051063418388367,"z":-0.23788177967071534,"w":-0.5217933058738709},"size":10.0,"orthographic":false}