{"cameraMode":{"drawMode":0,"name":"Shaded","section":"Shading Mode"},"sceneLighting":true,"audioPlay":false,"sceneViewState":{"showFog":true,"showMaterialUpdate":false,"showSkybox":true,"showFlares":true,"showImageEffects":true,"showParticleSystems":true},"in2DMode":false,"pivot":{"x":-15.36242961883545,"y":7.674277305603027,"z":12.247882843017579},"rotation":{"x":0.2163076102733612,"y":-0.6336253881454468,"z":0.1934116929769516,"w":0.7175543904304504},"size":6.918829917907715,"orthographic":false}