{"cameraMode":{"drawMode":0,"name":"Shaded","section":"Shading Mode"},"sceneLighting":true,"audioPlay":false,"sceneViewState":{"showFog":true,"showMaterialUpdate":false,"showSkybox":true,"showFlares":true,"showImageEffects":true,"showParticleSystems":true},"in2DMode":false,"pivot":{"x":9.212650299072266,"y":7.0122880935668949,"z":13.95427131652832},"rotation":{"x":0.1614447683095932,"y":0.7425232529640198,"z":-0.19238410890102387,"w":0.6213109493255615},"size":2.7247447967529299,"orthographic":false}