{"cameraMode":{"drawMode":0,"name":"Shaded","section":"Shading Mode"},"sceneLighting":false,"audioPlay":false,"sceneViewState":{"showFog":false,"showMaterialUpdate":false,"showSkybox":false,"showFlares":false,"showImageEffects":false,"showParticleSystems":false},"in2DMode":false,"pivot":{"x":0.025830671191215516,"y":-3.1357760429382326,"z":-4.686810493469238},"rotation":{"x":0.06630125641822815,"y":0.9099096655845642,"z":-0.15869641304016114,"w":0.37805747985839846},"size":0.9654898047447205,"orthographic":false}